"user@moji.it","prova2","proviamo","11/02/2021 11:14:53","admin@moji.it","1"
"lorenzo@moji.it user@moji.it","prova destinatari multipli","prova prova","11/02/2021 11:21:32","admin@moji.it","3"
"admin@moji.it user@moji.it","prova multipli ","prova multipli","11/02/2021 11:27:15","lorenzo@moji.it","5"
"user@moji.it","prova2","proviamo","11/02/2021 11:14:53","admin@moji.it","1"
"lorenzo@moji.it user@moji.it","prova destinatari multipli","prova prova","11/02/2021 11:21:32","admin@moji.it","3"
"lorenzo@moji.it user@moji.it","reply: prova multipli ","lorenzo@moji.it in date 11/02/2021 11:27:15 wrote

prova multipli

aggiungere qualcosa","11/02/2021 11:28:57","admin@moji.it","7"
"user@moji.it","prova2","proviamo","11/02/2021 11:14:53","admin@moji.it","1"
"admin@moji.it user@moji.it","prova multipli ","prova multipli","11/02/2021 11:27:15","lorenzo@moji.it","5"
"user@moji.it","prova2","proviamo","11/02/2021 11:14:53","admin@moji.it","1"
